name,
Evand 株式会社,
FunTre 株式会社,
株式会社 ジェーピークリエイト,
株式会社 バリューワン,
フリービット 株式会社,
株式会社 ドリームホップ,
株式会社 アウトソーシングテクノロジー,
ユースタイルラボラトリー 株式会社,
株式会社 イーナ,
レバレジーズ 株式会社,
株式会社 ビズアップ総研,
株式会社 TryAngle,
アクセルユニバース 株式会社,
STAGE 株式会社,
株式会社 ラージックウェーブ,
株式会社 イー・エージェンシー,
株式会社 ウィルオブ・ワーク,
株式会社 OZsoft,
ナイル 株式会社,
株式会社 RTプロジェクト,
株式会社 ビヨンド,
株式会社 フォースリー,
株式会社 オープンドア,
アジアクエスト 株式会社,
株式会社 プロトソリューション,
株式会社 アイスタイル,
株式会社 Showcase Gig,
株式会社 whitecanvas,
株式会社 ファーストコネクト,
HRテクノロジーズ 株式会社,
株式会社 イデア・レコード,
株式会社 オロ,
ナッシュ 株式会社,
株式会社 セキュアイノベーション,
Break’s 株式会社,
株式会社 オルトプラス,
株式会社 IoTBank,
ネゾット 株式会社,
株式会社 トライスパイド,
株式会社 ワントゥーテン,
MDVニューコネクト 株式会社,
株式会社 ユニラボ,
株式会社 シグナイト,
フェンリル 株式会社,
株式会社 ワンパク,
株式会社 リヴァンプ,
株式会社 ショーケース,
株式会社 クラベス,
株式会社 上武,
株式会社 PLAN-B,
オンタイムデリバリージャパン 株式会社,
株式会社 オールアバウトライフマーケティング,
株式会社 ライフスポーツ,
日本ワムネット 株式会社,
株式会社 シニアジョブ,
株式会社 GIG,
株式会社 アドグローブ,
株式会社 イノベーション,
株式会社 トラス,
チームラボ 株式会社,
株式会社 エークラウド,
株式会社 うるる,
株式会社 ｈ２ワークス,
株式会社 ipe,
株式会社 CI,
株式会社 JMDC,
株式会社 アーシャルデザイン,
株式会社 スポーツフィールド,
クリプトン・フューチャー・メディア 株式会社,
アポロ 株式会社,
株式会社 Legaseed,
テテマーチ 株式会社,
株式会社 テレビ東京コミュニケーションズ,
グッドビー 株式会社,
株式会社 ルーツ・テクノロジーズ,
株式会社 ルーシー,
株式会社 パートナー,
株式会社 Dai,
H.I.F. 株式会社,
株式会社 LOWCAL,
株式会社 スタイル・エッジ,
株式会社 FROM JAPAN,
株式会社 キーウォーカー,
株式会社 ジークス,
株式会社 エナジード,
株式会社 エス・アイ・エス,
エン・ジャパン 株式会社,
株式会社 アイティ・フォレスト,
株式会社 ダトラ,
株式会社 フライミー ,
アクセルマーク 株式会社,
株式会社 プロジェクト・モード,
株式会社 アクセル・モード,
株式会社 EMD,
株式会社 ストロボライト,
株式会社 ネクサスエージェント,
オルターボ 株式会社,
アルサーガパートナーズ 株式会社,
リバミー 株式会社,
ビークリエイト 株式会社,
セルプロモート 株式会社,
株式会社 ウェルクス,
株式会社 LIG,
株式会社 セルシス,
株式会社 ナターシャ,
ネクスキャット 株式会社,
株式会社 アイディーズ,
株式会社 デジタルハーツホールディングス,
株式会社 セルバ,
株式会社 Lifebook,
株式会社 プリアップ,
株式会社 コンテンツワン,
朝日インタラクティブ 株式会社,
アイティシージャパン 株式会社,
株式会社 イノベーター・ジャパン,
トライアロー 株式会社,
株式会社 アドベンチャー,
株式会社 ネットリソースマネジメント,
Y&I Group 株式会社,
ノウブル 株式会社,
株式会社 schoo,
株式会社 クラブネッツ,
株式会社 ナシエルホールディングス,
フォワードソフト 株式会社,
株式会社 クララオンライン,
株式会社 TAPP,
Bee2B 株式会社,
株式会社 イー・ビジョン,
株式会社 Aiming,
株式会社 イメジン,
アクシスイノベーション 株式会社,
株式会社 BookLive,
株式会社 Rise UP,
リビン・テクノロジーズ 株式会社,
ソーシャルワイヤー 株式会社,
株式会社 アウトソーシングテクノロジー R&D事業本部,
株式会社 テックビーンズ,
株式会社 ココペリ,
株式会社 ＤＹＭ,
株式会社 ネットネイティブ,
株式会社 メタップスペイメント,
株式会社 Tixplus,
株式会社 ラストワンマイル,
株式会社 grasys,
株式会社 Linc' well,
カレント自動車 株式会社,
株式会社 総合オリコミ社,
株式会社 マイナビワークス,
AMBL株式会社（旧：株式会社エム・フィールド）,
株式会社 モンスターラボホールディングス,
琉球インタラクティブ 株式会社,
株式会社 クリエイターズマッチ,
バウンディア 合同会社,
株式会社 キャナル,
株式会社 リアズ,
クイックネットワーク 株式会社,
株式会社 情報戦略テクノロジー　コア技術部門,
株式会社 アライバルクオリティー,
株式会社 nobitel,
株式会社 サーキュレーション,
株式会社 しまうまプリント,
株式会社 レアジョブ,
株式会社 リゾーム,
株式会社 Lexi,
株式会社 アクシス,
株式会社 D2C dot,
株式会社 Cygames,
ファーストアカウンティング 株式会社,
株式会社 ベター・プレイス,
株式会社 KUNO,
株式会社 リベロ,
株式会社 Luxy,
株式会社 ユニエイム,
株式会社 ボーンレックス,
株式会社 デイトナ・インターナショナル,
株式会社 ヒューマネージ,
株式会社 ダイヤモンドファンタジー,
株式会社 バックスグループ,
株式会社 YAZ,
株式会社 ストラーツ,
株式会社 インタースペース,
WITHPROJECTS 株式会社,
株式会社 阪南ビジネスマシン,
株式会社 コー・ワークス,
株式会社 カタリストシステム,
ワンダープラネット 株式会社,
ディップ 株式会社,
株式会社 ぐるなび,
ペッツファースト 株式会社,
株式会社 バニッシュ・スタンダード,
株式会社 ゼロイチ,
株式会社 コドモン,
株式会社 ブレイン・ラボ,
ハイファイブ 株式会社,
ディーエムソリューションズ 株式会社,
株式会社 ユーティル,
イチニ 株式会社,
エッジテクノロジー 株式会社,
株式会社 BEARTAIL,
ブライシス 株式会社,
株式会社 オープンハウス,
日本通運 株式会社,
株式会社 サービシンク,
株式会社 ユーワークス,
イナゾウ 株式会社,
株式会社 セレス,
株式会社 FAIR NEXT INNOVATION,
株式会社 GIB Japan,
株式会社 情報戦略テクノロジー,
株式会社 スマレジ,
株式会社 グッピーズ,
株式会社 HanaPrime,
株式会社 インプローブ,
エムスリーデジタルコミュニケーションズ 株式会社,
株式会社 アイディオット,
株式会社 ソニックムーブ,
株式会社 カカクコム,
株式会社 PRIME,
株式会社 ナイトレイ,
株式会社 sumarch,
株式会社 NexToneシステムズ,
株式会社 リアルワールド,
株式会社 センティリオンシステム,
株式会社 はぴロジ,
株式会社 ONE COMPATH（旧社名 株式会社マピオン）,
株式会社 カクシン,
楽天グループ 株式会社,
テックファームホールディングス 株式会社,
パーソルテクノロジースタッフ 株式会社,
株式会社 LITALICO,
株式会社 メンバーズ,
株式会社 Loco Partners,
ARアドバンストテクノロジ 株式会社,
株式会社 エス・ワイ・エス,
株式会社 神戸デジタル・ラボ,
株式会社 サックル,
株式会社 リーデックス,
株式会社 hm solution,
ハイツー 株式会社,
株式会社 唐沢農機サービス,
bravesoft 株式会社,
株式会社 Aerial Partners,
DXHR 株式会社,
株式会社 マイクロウェーブ,
エフアンドエムネット 株式会社,
株式会社 パソナテック,
株式会社 アジアンビジネスネットワーク,
株式会社 創新ラボ,
ANNAI 株式会社,
株式会社 エムフロ,
株式会社 ソフィアテック,
株式会社 センシンロボティクス,
神広企画 株式会社,
株式会社 ロジカルスタジオ,
スパイスファクトリー 株式会社,
株式会社 フォーク,
株式会社 ファンテクノロジー,
BLEW 株式会社,
株式会社 SALTO,
株式会社 グランネット,
株式会社 スイッチメディア,
株式会社 鎌倉新書,
株式会社 ナディア,
株式会社 エクスブレーン,
株式会社 メディカルフロンティア,
株式会社 ＩＢＪ,
株式会社 共同通信デジタル,
株式会社 NOVASTO,
株式会社 Spectra,
合同会社 DMM.com,
株式会社 テコテック,
株式会社 レキサス,
BAMV 合同会社,
株式会社 BTM,
株式会社 コアテック,
株式会社 トライビート,
株式会社 テクノデジタル（旧：テクノモバイル）,
株式会社 コーボー,
株式会社 KPIソリューションズ,
コロニーインタラクティブ 株式会社,
株式会社 テイラーワークス,
Repro 株式会社,
株式会社 カオナビ,
株式会社 うちなーてっく,
ハイミン・エンタープライズ 株式会社,
株式会社 BLITZ Marketing,
株式会社 PRUM,
デマンドリンク 株式会社,
サングローブ 株式会社,
株式会社 インサイト,
株式会社 ネオス,
株式会社 パレンテ,
株式会社 Gizumo,
株式会社 pluszero,
株式会社 ホワイトプラス,
株式会社 マーケットエンタープライズ,
株式会社 フォー・クオリア,
株式会社 スカイアーチネットワークス,
株式会社 creato,
株式会社 アガルート,
株式会社 エイプリルナイツ,
株式会社 コンビーズ,
株式会社 クーリエ,
ヒューマンデジタルコンサルタンツ 株式会社,
株式会社 GORACREW,
ファミリーテック 株式会社,
株式会社 ビースタイルホールディングス,
株式会社 ワイズロジック,
株式会社 エムトラッド,
株式会社 MiL,
ソウルドアウト 株式会社,
株式会社 ファインドメーカー,
株式会社 C-RISE,
株式会社 エニセンス,
株式会社 セイルボート,
株式会社 スペシフィック,
株式会社 ジ・アイ,
株式会社 イーガオ,
株式会社 AMDlab,
株式会社 アローインフォメーション,
株式会社 ビー・エス・エス,
アイピーロジック 株式会社,
株式会社 ソフツー,
株式会社 ライナフ,
株式会社 トラストバンク,
株式会社 Fusic,
株式会社 MONSTER DIVE,
株式会社 スマートウィル,
株式会社 アドベンテック,
株式会社 Matchbox Technologies,
ARCHIPELAGO 株式会社,
株式会社 J・L・N,
株式会社 ALTURA,
株式会社 GOOYA,
株式会社 インフォメーションポート,
株式会社 GameWith,
株式会社 オーバードライブ,
トライシクル 株式会社,
株式会社 シンカ,
アヴァント 株式会社,
株式会社 ピース企画,
株式会社 ラグザス・クリエイト,
株式会社 アクトビ,
DATUM STUDIO 株式会社,
SELF 株式会社,
株式会社 アンクシステムズ,
株式会社 MFS,
株式会社 Ｊストリーム,
株式会社 オノフ,
株式会社 PIGNUS,
株式会社 オーダーメイドジャパン,
株式会社 クラシコム,
株式会社 ツナググループＨＣ,
株式会社 助太刀,
再春館システム 株式会社,
株式会社 コトブキソリューション,
株式会社 タイレルシステムズ,
株式会社 あすか,
株式会社 オフショア,
株式会社 パラダイムシフト,
Fabeee 株式会社,
デジタルアーツ 株式会社,
アウモ 株式会社,
バレットグループ 株式会社,
インヴェンティット 株式会社,
株式会社 オープンロジ,
株式会社 dig,
株式会社 未来ボックス,
株式会社 チーム・ファクトリー,
株式会社 ランウェイ,
株式会社 エフェクチュアル,
株式会社 みーつけあ,
株式会社 EventHub,
BEENOS 株式会社,
株式会社 フォトラクション,
ビルコム 株式会社,
FTL 株式会社,
株式会社 エスキュービズム,
株式会社 トラーナ,
株式会社 Blue Star,
株式会社 イズミシステム設計,
株式会社 ジーネックス,
株式会社 エックスポイントワン,
株式会社 リンクアンドコミュニケーション,
ポスタス 株式会社,
株式会社 アイドマ・ホールディングス,
株式会社 シーズ,
ポノス 株式会社,
株式会社 3Backs,
株式会社 SceneLive,
株式会社 カヤックボンド（旧：株式会社アドア）,
株式会社 HiSC,
株式会社 想画,
株式会社 彩凛システム ,
INTLOOP 株式会社,
株式会社 エクラアシスト,
Tres Innovation 株式会社,
株式会社 りーふねっと,
株式会社 クロノス,
株式会社 アッテル,
anyenv 株式会社,
株式会社 カウンターワークス,
株式会社 これから,
AXe CAPITAL 株式会社,
株式会社 トライエッティング,
クレジットエンジン 株式会社,
株式会社 カンリー,
株式会社 World Wide System,
株式会社 プレート,
株式会社 タノム,
株式会社 ビューン,
株式会社 EPARKグルメ,
株式会社 インフラトップ,
株式会社 ヴィジョナリーバンガード,
株式会社 アドシード,
株式会社 oliva,
名案企画 株式会社,
株式会社 Sun Asterisk,
株式会社 i-plug,
株式会社 YNS,
株式会社 ウィルゲート,
株式会社 フィーリスト,
株式会社 STVテック,
株式会社 クイック,
株式会社 スプリングボード,
スタジオアンビルト 株式会社,
株式会社 グッドローカル,
Weekly&Monthly 株式会社,
株式会社 アピリッツ,
株式会社 フォアロジック,
iYell 株式会社,
スマートソーシャル 株式会社,
株式会社 BANANA,
株式会社 アルゴリズム,
グルーヴ・ギア 株式会社,
株式会社 QLife,
サイトエンジン 株式会社,
スマートスキャン 株式会社,
株式会社 ジェネスティコンサルティング,
株式会社 NTTスマイルエナジー,
株式会社 UNITE,
株式会社 フェニシス,
千 株式会社,
ライフイズテック 株式会社,
シェアリングテクノロジー 株式会社,
クムクム 株式会社,
株式会社 平プロモート,
パーソルイノベーション 株式会社,
株式会社 デザインワン・ジャパン,
イノベーションガレージ 株式会社,
ビズメイツ 株式会社,
フォッグ 株式会社,
スパイクシステムズ 株式会社,
株式会社 mofmof,
株式会社 ウィナス,
株式会社 クロス・コミュニケーション,
株式会社 大同ソフト,
株式会社 GRANDDESIGN,
株式会社 grabss,
株式会社 Legoliss,
株式会社 Minato,
アイレット 株式会社,
ベルフェイス 株式会社,
株式会社 フォーサイト,
アシアル 株式会社,
シアトルコンサルティング 株式会社,
アイ・ティ・リアライズ 株式会社,
株式会社 メディックメディア,
株式会社 フォーミックス,
株式会社 ソースポッド,
株式会社 ブックルックチーム,
株式会社 ラクス,
株式会社 HERO innovation,
株式会社 ヤプリ,
株式会社 ブイ・クルーズ,
FISM 株式会社,
株式会社 アグリメディア,
コニカミノルタマーケティングサービス 株式会社,
辰巳電子工業 株式会社,
株式会社 ファンコミュニケーションズ,
株式会社 カラダノート,
株式会社 TeraDox,
株式会社 RIT,
株式会社 パスカリアアジア,
株式会社 アクセルエンターメディア,
株式会社 セラク,
株式会社 DONUTS,
WHITE CROSS 株式会社,
株式会社 ハイベロシティ,
株式会社 スーパーソフトウエア,
アライドアーキテクツ 株式会社,
株式会社 ユニークワン,
Micoworks 株式会社,
SO Technologies 株式会社,
クラウドサーカス（旧:スターティアラボ） 株式会社,
スターティアレイズ 株式会社,
株式会社 THIRD,
株式会社 サンウェル,
ヴァイタルサービス 株式会社,
株式会社 ゴーフィールド,
